

Year Ended December�31,
2014,2015,2016,
Net income,14136,16348,19478,
Other comprehensive (loss) income:,
Change in foreign currency translation adjustment,(996,),(1067,),(599,),
Available-for-sale investments:,
Change in net unrealized gains (losses),505,(715,),(314,),
Less: reclassification adjustment for net (gains) losses included in net income,(134,),208,221,
Net change (net of tax effect of 60 29 and 0),371,(507,),(93,),
Cash flow hedges:,
Change in net unrealized gains (losses),651,676,515,
Less: reclassification adjustment for net (gains) losses included in net income,(124,),(1003,),(351,),
Net change (net of tax effect of 196 115 and 64),527,(327,),164,
Other comprehensive (loss) income,(98,),(1901,),(528,),
Comprehensive income,14038,14447,18950,
