

Year Ended December 31,
2014,2015,2016,
Traffic acquisition costs,13497,14343,16793,
Other cost of revenues,12194,13821,18345,
Total cost of revenues,25691,28164,35138,
Total cost of revenues as a percentage of revenues,38.9,%,37.6,%,38.9,%,

Year Ended December 31,
2014,2015,2016,
Traffic acquisition costs to distribution partners,3633,4101,5894,
Traffic acquisition costs to distribution partners as a percentage of Google properties revenues (Google properties TAC rate),8.1,%,7.8,%,9.2,%,

Traffic acquisition costs to Google Network Members,9864,10242,10899,
Traffic acquisition costs to Google Network Members as a percentage of Google Network Members' properties revenues (Network Members TAC rate),67.8,%,68.1,%,69.9,%,

Traffic acquisition costs,13497,14343,16793,
Traffic acquisition costs as a percentage of advertising revenues (Aggregate TAC rate),22.6,%,21.3,%,21.2,%,
