

Google,Other Bets,Total Consolidated,
Balance as of December 31 2014,15599,0,15599,
Acquisitions,139,0,139,
Foreign currency translation and other adjustments,(71,),0,(71,),
Allocation in the fourth quarter of 2015,(416,),416,0,
Acquisitions,201,4,205,
Foreign currency translation and other adjustments,4,(7,),(3,),
Balance as of December 31 2015,15456,413,15869,
Acquisitions,625,39,664,
Foreign currency translation and other adjustments,(54,),(11,),(65,),
Balance as of December 31 2016,16027,441,16468,
