

Year Ended December�31,
2012,2013,2014,2015,2016,
(in millions except per share amounts),
Consolidated Statements of Income�Data:,
Revenues,46039,55519,66001,74989,90272,
Income from operations,13834,15403,16496,19360,23716,
Net income from continuing operations,11435,13160,13620,16348,19478,
Net income (loss) from discontinued operations,(816,),(427,),516,0,0,
Net income,10619,12733,14136,16348,19478,

Basic net income (loss) per share of Class A and B common stock:,
Continuing operations,17.47,19.77,20.15,23.11,28.32,
Discontinued operations,(1.25,),(0.64,),0.76,0.00,0.00,
Basic net income per share of Class A and B common stock,16.22,19.13,20.91,23.11,28.32,

Basic net income (loss) per share of Class C capital stock:,
Continuing operations,17.47,19.77,20.15,24.63,28.32,
Discontinued operations,(1.25,),(0.64,),0.76,0.00,0.00,
Basic net income per share of Class C capital stock,16.22,19.13,20.91,24.63,28.32,

Diluted net income (loss) per share of Class A and B common stock:,
Continuing operations,17.21,19.42,19.82,22.84,27.85,
Discontinued operations,(1.23,),(0.63,),0.75,0.00,0.00,
Diluted net income per share of Class A and B common stock,15.98,18.79,20.57,22.84,27.85,

Diluted net income (loss) per share of Class C capital stock:,
Continuing operations,17.21,19.42,19.82,24.34,27.85,
Discontinued operations,(1.23,),(0.63,),0.75,0.00,0.00,
Diluted net income per share of Class C capital stock,15.98,18.79,20.57,24.34,27.85,
