

Gains (Losses) Reclassified from AOCI to the Consolidated Statement of Income,
Year Ended December 31,
AOCI Components,Location,2014,2015,2016,
Unrealized gains (losses) on available-for-sale investments,
Other income (expense) net,153,(208,),(221,),
Provision for income taxes,(19,),0,0,
Net of tax,134,(208,),(221,),

Unrealized gains (losses) on cash flow hedges,
Foreign exchange contracts,Revenue,171,1399,539,
Interest rate contracts,Other income (expense) net,4,5,5,
Provision for income taxes,(51,),(401,),(193,),
Net of tax,124,1003,351,

Total amount reclassified net of tax,258,795,130,
