

Assets:,
Cash and cash equivalents,160,
Accounts receivable,1103,
Inventories,217,
Prepaid expenses and other current assets,357,
Prepaid expenses and other assets non-current,290,
Property and equipment net,542,
Intangible assets net,985,
Goodwill,43,
Total assets,3697,

Liabilities:,
Accounts payable,1238,
Accrued compensation and benefits,163,
Accrued expenses and other current liabilities,10,
Deferred revenue current,165,
Other long-term liabilities,250,
Total liabilities,1826,
