

Foreign Currency Translation Adjustments,Unrealized Gains (Losses) on Available-for-Sale Investments,Unrealized Gains (Losses) on Cash Flow Hedges,Total,
Balance as of December 31 2013,16,50,59,125,
Other comprehensive income (loss) before reclassifications,(996,),505,651,160,
Amounts reclassified from AOCI,0,(134,),(124,),(258,),
Other comprehensive income (loss),(996,),371,527,(98,),
Balance as of December 31 2014,(980,),421,586,27,
Other comprehensive income (loss) before reclassifications,(1067,),(715,),676,(1106,),
Amounts reclassified from AOCI,0,208,(1003,),(795,),
Other comprehensive income (loss),(1067,),(507,),(327,),(1901,),
Balance as of December 31 2015,(2047,),(86,),259,(1874,),
Other comprehensive income (loss) before reclassifications,(599,),(314,),515,(398,),
Amounts reclassified from AOCI,0,221,(351,),(130,),
Other comprehensive income (loss),(599,),(93,),164,(528,),
Balance as of December 31 2016,(2646,),(179,),423,(2402,),
